{"sections":{"faq_section_gDYtd7":{"type":"faq-section","blocks":{"faq_heading_cB6KfL":{"type":"Faq-Heading","settings":{"faq_heading":"Faq Heading","text":"<p>Describe the Faq Details<\/p>"}},"faq_question_z79q6C":{"type":"Faq-question","settings":{"faq_heading":"Faq Question","text":"<p>Showcase your results with Faq Answers<\/p>"}},"faq_question_AKfByi":{"type":"Faq-question","settings":{"faq_heading":"Faq Question","text":"<p>Showcase your results with Faq Answers<\/p>"}}},"block_order":["faq_heading_cB6KfL","faq_question_z79q6C","faq_question_AKfByi"],"settings":{"bg":"#f5f5f5","text":"#000000","border":"#000000","top_spacing":40,"bottom_spacing":40,"mob_top_spacing":40,"mob_bottom_spacing":40}},"faq_section_bxBAnb":{"type":"faq-section","blocks":{"faq_heading_NybWY9":{"type":"Faq-Heading","settings":{"faq_heading":"Faq Heading","text":"<p>Describe the Faq Details<\/p>"}},"faq_question_KeVcHr":{"type":"Faq-question","settings":{"faq_heading":"Faq Question","text":"<p>Showcase your results with Faq Answers<\/p>"}},"faq_question_fb9KWN":{"type":"Faq-question","settings":{"faq_heading":"Faq Question","text":"<p>Showcase your results with Faq Answers<\/p>"}}},"block_order":["faq_heading_NybWY9","faq_question_KeVcHr","faq_question_fb9KWN"],"settings":{"bg":"#f5f5f5","text":"#000000","border":"#000000","top_spacing":40,"bottom_spacing":40,"mob_top_spacing":40,"mob_bottom_spacing":40}},"faq_section_kLnjtX":{"type":"faq-section","blocks":{"faq_heading_PYXVem":{"type":"Faq-Heading","settings":{"faq_heading":"Faq Heading","text":"<p>Describe the Faq Details<\/p>"}},"faq_question_fJ4Kbn":{"type":"Faq-question","settings":{"faq_heading":"Faq Question","text":"<p>Showcase your results with Faq Answers<\/p>"}},"faq_question_RkFVdz":{"type":"Faq-question","settings":{"faq_heading":"Faq Question","text":"<p>Showcase your results with Faq Answers<\/p>"}}},"block_order":["faq_heading_PYXVem","faq_question_fJ4Kbn","faq_question_RkFVdz"],"settings":{"bg":"#f5f5f5","text":"#000000","border":"#000000","top_spacing":40,"bottom_spacing":40,"mob_top_spacing":40,"mob_bottom_spacing":40}}},"order":["faq_section_gDYtd7","faq_section_bxBAnb","faq_section_kLnjtX"]}