[
  {
    "name": "theme_info",
    "theme_name": "Aura",
    "theme_version": "1.0.0",
    "theme_author": "VowelWeb",
    "theme_documentation_url": "https://themes.vowelweb.com/aura-documentation/",
    "theme_support_url": "https://themes.vowelweb.com/index.php/contact-us/"
  },
  {
    "name": "Favicon",
    "settings": [
      {
        "type": "image_picker",
        "id": "favicon",
        "label": "Favicon image",
        "info": "It will be resized to 32 x 32 pixels."
      }
    ]
  },
  {
    "name": "Colors",
    "settings": [
      {
        "type": "color",
        "id": "body_bg",
        "label": "Body background color",
        "default": "#FFFFFF"
      },
      {
        "type": "color",
        "id": "head_color",
        "label": "Heading color",
        "default": "#1e1e1e"
      },
      {
        "type": "color",
        "id": "text_color",
        "label": "Text color",
        "default": "#1e1e1e"
      },
      {
        "type": "color",
        "id": "btn_bg",
        "label": "Button background color",
        "default": "#1e1e1e"
      },
      {
        "type": "color",
        "id": "btn_text",
        "label": "Button text color",
        "default": "#fff"
      },
      {
        "type": "color",
        "id": "btn_bg_hover",
        "label": "Button hover background color",
        "default": "#fff"
      },
      {
        "type": "color",
        "id": "btn_hover_text",
        "label": "Button hover text color",
        "default": "#1e1e1e"
      },
      {
        "type": "color",
        "id": "btn_disabled",
        "label": "Disabled button background color",
        "default": "#bdbdbd"
      },
      {
        "type": "color",
        "id": "btn_disabled_text",
        "label": "Disabled button text color",
        "default": "#1e1e1e"
      },
      {
        "type": "color",
        "id": "price-item--sale",
        "label": "Sale price color",
        "default": "#FF1E1E"
      }
    ]
  },
  {
    "name": "Typography",
    "settings": [
      {
        "type": "header",
        "content": "Headings"
      },
      {
        "type": "font_picker",
        "id": "type_header_font",
        "default": "assistant_n4",
        "label": "Font",
        "info": "Selecting a different font can affect the speed of your store. [Learn more about system fonts.](https://help.shopify.com/manual/online-store/os/store-speed/improving-speed#fonts)"
      },

      {
        "type": "header",
        "content": "Body"
      },
      {
        "type": "font_picker",
        "id": "type_body_font",
        "default": "assistant_n4",
        "label": "Font",
        "info": "Selecting a different font can affect the speed of your store. [Learn more about system fonts.](https://help.shopify.com/manual/online-store/os/store-speed/improving-speed#fonts)"
      }
    ]
  },
  {
    "name": "Layout",
    "settings": [
      {
        "type": "checkbox",
        "id": "enable_banner_overlay",
        "label": "Enable banner overlay",
        "default": true,
        "info": "Enabling it will overlap the header over the first section. It works only on homepage."
      }
    ]
  },
  {
    "name": "Scroll to top",
    "settings": [
      {
        "type": "checkbox",
        "id": "show_scroll_to_top",
        "label": "Enable scroll to top",
        "default": true
      }
    ]
  },
  {
    "name": "Currency/Language selectors",
    "settings": [
      {
        "type": "color",
        "id": "popup_bg",
        "label": "Localization popup background color",
        "default": "#f7f7f7"
      },
      {
        "type": "color",
        "id": "popup_text_color",
        "label": "Localization popup text color",
        "default": "#000"
      },
      {
        "type": "color",
        "id": "active_bg",
        "label": "Localization popup active selector background color",
        "default": "#c9c9c9"
      },
      {
        "type": "color",
        "id": "active_text",
        "label": "Localization popup active selector text color",
        "default": "#000"
      }
    ]
  },
  {
    "name": "Collection page",
    "settings": [
      {
        "type": "header",
        "content": "Collection page cards"
      },
      {
        "type": "range",
        "id": "horizontal_spacing",
        "min": 0,
        "max": 100,
        "step": 1,
        "default": 30,
        "label": "Horizontal spacing"
      },
      {
        "type": "range",
        "id": "vertical_spacing",
        "min": 0,
        "max": 100,
        "step": 1,
        "default": 30,
        "label": "Vertical spacing"
      }
    ]
  },
  {
    "name": "Badges",
    "settings": [
      {
        "type": "select",
        "id": "badge_position",
        "options": [
          {
            "value": "bottom left",
            "label": "Bottom left"
          },
          {
            "value": "bottom center",
            "label": "Bottom center"
          },
          {
            "value": "bottom right",
            "label": "Bottom right"
          },
          {
            "value": "top left",
            "label": "Top left"
          },
          {
            "value": "top center",
            "label": "Top center"
          },
          {
            "value": "top right",
            "label": "Top right"
          }
        ],
        "default": "bottom left",
        "label": "Position on cards"
      },
      {
        "type": "range",
        "id": "badge_corner_radius",
        "min": 0,
        "max": 40,
        "step": 2,
        "unit": "px",
        "label": "Corner radius",
        "default": 40
      }
    ]
  },
  {
    "name": "Animations",
    "settings": [
      {
        "type": "checkbox",
        "id": "enable_animations",
        "label": "Enable animations",
        "default": true
      }
    ]
  },
  {
    "name": "Social media links",
    "settings": [
      {
        "type": "header",
        "content": "Social accounts"
      },
      {
        "type": "text",
        "id": "social_facebook_link",
        "label": "Facebook",
        "placeholder": "https://facebook.com/shopify"
      },
      {
        "type": "text",
        "id": "social_instagram_link",
        "label": "Instagram",
        "placeholder": "http://instagram.com/shopify"
      },
      {
        "type": "text",
        "id": "social_youtube_link",
        "label": "YouTube",
        "placeholder": "https://www.youtube.com/shopify"
      },
      {
        "type": "text",
        "id": "social_tiktok_link",
        "label": "TikTok",
        "placeholder": "https://tiktok.com/@shopify"
      },
      {
        "type": "text",
        "id": "social_twitter_link",
        "label": "X / Twitter",
        "placeholder": "https://x.com/shopify"
      },
      {
        "type": "text",
        "id": "social_pinterest_link",
        "label": "Pinterest",
        "placeholder": "https://pinterest.com/shopify"
      },
      {
        "type": "text",
        "id": "social_vimeo_link",
        "label": "Vimeo",
        "placeholder": "https://vimeo.com/shopify"
      }
    ]
  },
  {
    "name": "Search behavior",
    "settings": [
      {
        "type": "header",
        "content": "Search suggestions settings"
      },
      {
        "type": "checkbox",
        "id": "predictive_search_enabled",
        "default": true,
        "label": "Enable search suggestions"
      },
      {
        "type": "checkbox",
        "id": "predictive_search_show_price",
        "default": true,
        "label": "Show product price"
      },
      {
        "type": "link_list",
        "id": "popular_categories",
        "label": "Select default predictive search menu 01",
        "info": "This menu will only show the first level."
      },
      {
        "type": "link_list",
        "id": "info",
        "label": "Select default predictive search menu 02",
        "info": "This menu will only show the first level."
      }
    ]
  },
  {
    "name": "Currency format",
    "settings": [
      {
        "type": "header",
        "content": "Currency codes"
      },

      {
        "type": "checkbox",
        "id": "currency_code_enabled",
        "label": "Show currency codes",
        "default": true
      },
      {
        "type": "paragraph",
        "content": "Cart and checkout prices always show currency codes. Example: $1.00 USD."
      }
    ]
  },
  {
    "name": "Password page",
    "settings": [
      {
        "type": "color",
        "id": "password_bg",
        "label": "Password page background color",
        "default": "#fff"
      },
      {
        "type": "image_picker",
        "id": "bg_img",
        "label": "Password page background Image"
      }
    ]
  },
  {
    "name": "Cart and cart drawer",
    "settings": [
      {
        "type": "select",
        "id": "cart_type",
        "options": [
          {
            "value": "drawer",
            "label": "Drawer"
          },
          {
            "value": "page",
            "label": "Page"
          }
        ],
        "default": "drawer",
        "label": "Cart type"
      },
      {
        "type": "select",
        "id": "entrance",
        "label": "Drawer entrance",
        "options": [
          {
            "value": "right",
            "label": "From right"
          },
          {
            "value": "bottom",
            "label": "From bottom"
          }
        ],
        "default": "right"
      },
      {
        "type": "range",
        "id": "border_radius",
        "label": "Cart items image border radius",
        "min": 0,
        "max": 500,
        "step": 10,
        "default": 0
      },
      {
        "type": "checkbox",
        "id": "show_cart_note",
        "label": "Show cart note",
        "default": false
      },
      {
        "type": "header",
        "content": "Shipping bar settings"
      },
      {
        "type": "checkbox",
        "id": "show_shipping_bar",
        "label": "Show shipping bar",
        "default": true
      },
      {
        "type": "text",
        "id": "threshold",
        "label": "Free shipping threshold",
        "default": "500"
      },
      {
        "type": "header",
        "content": "Upsell settings"
      },
      {
        "type": "checkbox",
        "id": "show_upsell",
        "label": "Show upsell",
        "default": true
      },
      {
        "type": "text",
        "id": "cart_upsell_head",
        "label": "Cart upsell heading",
        "default": "Deal of the day!"
      },
      {
        "type": "product",
        "id": "upsell_product",
        "label": "Select upsell product"
      }
    ]
  }
]
